Language,Count,Percentage
JavaScript,39397,9.721389425580059
Python,34992,8.634435585955718
HTML/CSS,32686,8.065419569117187
SQL,32390,7.992380219167401
TypeScript,27310,6.738867051110272
Bash/Shell (all shells),21380,5.275612506508152
Java,20220,4.989377216164398
C#,18781,4.634297403401758
Rust,18576,4.583712718470319
C++,17361,4.283905927291301
Other,142168,35.08060237723344
